username,phone,name,address,career,info_company,info_biz,key
msk819@naver.com,052.249.3682,이노솔루션,울산 울주군 범서읍 대리로 111, 2007.11.01,"튜브 및 튜브피팅, 열교환기, 샘플링 시스템 엔지니어링 업체입니다.",,#튜브#FITTING#열교환기#샘플링#울산
mail@mail.com,052.254.1801,한국특수연마공업사,울산광역시 울주군 삼남면 공암공단로 16-1 (총 2 필지), 1998.04.24,연마 절단 지석 전문 업체,,
mail@mail.com,052.289.0443,덕산하이메탈(주),"울산광역시 북구 무룡1로 66 (연암동, 덕산하이메탈(주)) (총 2 필지)", 2004.10.28,"솔더볼, 코어솔더볼, 솔더파우더, 플럭스, 솔더페이스트",,
,052.287.8022,대원강업(주),"울산광역시 북구 송도길 25 (효문동, 대원스프링) (총 2 필지)", 2010.12.22,차량용의자,,
,052.208.3361,SK종합화학(주) 본공장,"울산광역시 남구 신여천로 2 (고사동, SK(주))", 2011.04.04,세계속의 종합에너지 화학기업 SK종합화학,,
,052.269.7511,원진산업,울산광역시 울주군 웅촌면 고연공단2길 5-1, 2007.07.04,철가공품,,
,052.288.1598,(주)동남산기,울산광역시 북구 염포로 260-23 (효문동), 2015.08.05,"자동화시스템, 자동차부품",,
,052.238.5885,케이오씨(주),"울산광역시 울주군 온산읍 이진로 67-34, (총 3 필지)", 1995.08.01,"하이드라진,하이드레이트",,
,052.227.8230,경은기전,울산광역시 남구 화합로71번길 11-20 (야음동), 2010.11.29,전기판넬,,
,052.264.2210,거영산업,울산광역시 울주군 웅촌면 고연로 183-20, 2003.07.01,자동차부품,,
,052.287.4203,(주)청림엔지니어링,울산광역시 북구 중산산업2길 36 (중산동), 2015.04.27,자동화설비,,
,052.296.6055,월드시스템,울산광역시 북구 농공단지5길 23 (달천동), 2018.06.26,"자동화 전기 판넬, 컨베어시스템",,
,052.922.7226,(주)솔레코텍,울산광역시 울주군 웅촌면 고연공단3길 7, 2006.07.28,금속가공제품(PLATE),,
,052.238.9400,케이디케미칼(주),울산광역시 울주군 온산읍 회학3길 56-5, 2013.09.06,"PAC, 요소수",,
,052.287.5530,(주)시스코피엔시,울산광역시 울주군 언양읍 반천산업로 97, 2015.07.22,"전동기,발전기 전기변환장치/배전반, 부스덕트(BUS DUCT)",,
,052.263.0511,(주)파텍스,"울산광역시 북구 매곡산업1길 6 (매곡동, 휘문기연)", 2012.10.22,자동화기기외,,
,052.298.4541,대영기공,"울산광역시 북구 농공단지3길 45 (달천동, 대명기공)", 2000.02.03,"압력용기 저장탱크, 기계기구, 제관",,
,052.225.0780,(주)고려인슈,울산광역시 울주군 웅촌면 고연로 98-10 (총 2 필지), 2008.12.05,보온단열재,,
,052.238.5600,신양철강,울산광역시 울주군 온산읍 회학2길 34, 2014.04.04,"파이프, 씨형광",,
,052.227.7670,서림목재산업,울산광역시 울주군 웅촌면 반계길 80, 2008.11.26,판재 및 각재,,
,052.295.7444,진광산업기계(주),"울산광역시 북구 매곡산업로 75 (매곡동, 진광산업기계(주))", 2006.08.25,"크라샤,컨베이어",,
,052.254.4501,민트상사,울산광역시 울주군 삼남면 마산보들길 87, 2000.07.27,곡면유리,,
,052.260.5481,(주)태경공조,울산광역시 울주군 온산읍 처용산업2길 54, 2011.11.14,금속가공부착물(덕트환기통),,
,052.264.0410,(주)태봉산업,울산광역시 울주군 삼남면 신화리로 142, 2000.07.27,자동차부품,,
,052.282.7486,스코아(주),울산광역시 북구 매곡산업6길 24 (매곡동), 2015.12.03,자동차 헤드레스트 커버,,
,052.287.4824,인성기공(주),"울산광역시 북구 효천3길 15 (효문동, 인성기공)", 1994.10.12,콘베이어 자동화 장비,,
,052.269.3511,코스트(주),"울산광역시 울주군 웅촌면 밭마당길 28,  외11필지", 2009.06.16,자동차부품(담수화플랜트용 내식튜브및열교환기),,
,052.288.2380,정원기계(주) 지점,"울산광역시 북구 모듈화산업로 238 (연암동, 정원기계(주))", 2011.02.17,전동축,,
,052.237.2622,주식회사 루미맥스테크놀리지,울산광역시 울주군 온양읍 용당내광로 223-13 (총 2 필지), 2010.06.08,LED를 이용한 조명장치,,
,052.295.6869,고려용접기(주),"울산광역시 울주군 청량읍 처용산업4길 42-13, 용암리 965 ", 2015.02.17,전기식 용접기 ,,
,052.287.5802,(주)세창기공,울산광역시 북구 무룡1로 63-9 (연암동), 2002.06.26,"선박부품,자동화설비",,
,052.224.4020,멘티스,울산광역시 중구 내오산로 37 (태화동), 2009.02.19,"작업복, 단체복",,
,052.238.7085,대한정공,울산광역시 울주군 온양읍 덕망로 253 (총 3 필지), 1994.09.16,컨베이어,,
,052.233.3421,(주)마린디지텍,울산광역시 남구 두왕로34번길 43 (선암동), 2010.07.22,감시 및 제어시스템,,
,052.277.9692,대륜환경기술 주식회사,울산광역시 울주군 웅촌면 장기터2길 104, 2019.02.20,환경오염방지시설 제작,,
,052.271.5757,(주)호성스틸 2공장,울산광역시 남구 장생포로19번길 1 (여천동), 2011.12.28,금속조립구조재,,
,..,(주)큐로,"울산광역시 남구 처용로 260-37 (부곡동, 대경기계(주))", 1995.02.24,열교환기,,
,052.225.5414,한국철강상사,울산광역시 울주군 웅촌면 웅촌로 65, 1999.06.18,철근가공,,
,052.922.5553,(주)알츠씨에스,울산광역시 울주군 상북면 길천산업2길 18, 2017.06.29,자동차용 케이블 등,,
,055.384.7110,대신정밀(주),울산광역시 울주군 삼남면 방기로 135, 1996.08.06,전자부품,,
,052.298.1140,제우용접기기,울산광역시 북구 공단길 86 (연암동), 2007.10.15,"용접장비,용접자동화",,
,055.387.0478,(주)에스케이디코리아,울산광역시 울주군 삼남면 가천금사길 71, 2013.05.23,조향장치,,
,052.240.7400,(주)한국하우톤,울산광역시 울주군 온산읍 공단로 375, 1994.10.11,"윤활유,유압유,방청유",,
,052.296.7823,(주)코리아피앤시,울산광역시 울주군 청량읍 처용산업5길 23, 2015.01.27,"PALLET, CARRIER, FA SYSREM, 부품가공",,
,052.264.3182,상림정공(주),울산광역시 울주군 삼남면 사촌신복로 441-20, 2005.08.11,"선박엔진부품(실린더로드,크로스헤드)",,
,052.298.8700,미진,울산광역시 북구 화정2길 56 (중산동), 2010.06.14,자동차 도어트림,,
,052.277.1972,ES다산,"울산광역시 북구 매곡산업로 35, 협업혁신관 B7 (매곡동, 자동차부품혁신센터)", 2015.10.27,침수방호 설비,,
,070.4659.6730,(주)동우이엔지울산2공장,울산광역시 울주군 웅촌면 은현공단3길 9, 2015.02.13,선박의장품(도장품),,
,052.912.5503,(주)서림,울산광역시 울주군 온산읍 처용산업2길 30, 2014.03.25,"아연분,납분,Zinc Ball, Pb Ball",,
,052.257.9451,(주)명진엔지니어링,울산광역시 남구 용잠로40번길 19 (부곡동), 2004.09.17,"고주파벤딩,배관제작",,
,052.231.0621,한국솔베이정밀화학(주),울산광역시 울주군 온산읍 이진로 100, 1995.09.25,"탄산바륨,탄산스트론튬,프탈로시아닌",,
,052.258.5192,대양HTM,울산광역시 울주군 온산읍 덕신로 515 (총 2 필지), 2015.09.21,금속 열처리,,
,052.257.1168,성종모델,울산광역시 울주군 웅촌면 은현작동로 171, 2011.02.16,자동차 검사구,,
,052.212.0331,용성에프에이(주),울산광역시 중구 함월20길 70 (성안동), 2008.09.26,제어반 및 전기재료,,
,070.8290.2538,이로시스,울산광역시 북구 농공단지2길 22 (달천동), 2017.09.28,"로봇, 인터록반",,
,052.267.0435,한국보전(주),울산광역시 남구 신여천로 47 (여천동), 2016.03.31,전기 배전반,,
,052.915.2000,(주)케이디금속,울산광역시 울주군 웅촌면 고연로 63-10, 2011.06.23,"케이블트레이, 케이블닥터, 조선 및 건설기자재",,
,052.283.0919,에코케미칼(주),"울산광역시 북구 산성로 40, 1동 7층 720 (효문동, 아파트형공장)", 2015.11.09,HID LAMP,,
,052.222.7700,주식회사 에스엠에이시스템,울산광역시 남구 돋질로102번길 8-1 (달동), 2017.07.06,방송장비,,
,052.295.1707,다물기계,"울산광역시 북구 제내2길 65 (신천동, 다물기계)", 1991.12.23,자동화 장치,,
,052.223.5500,(주)여명푸드시스템,"울산광역시 남구 삼호로 66 (무거동, (주)여명식품급식센타)", 1998.10.21,도시락,,
,052.289.7213,(주)현대시스템,울산광역시 울주군 청량읍 상남1길 34-16, 2015.02.26,전기시스템 제어,,
,054.748.1207,부성정밀,울산광역시 울주군 삼남면 강당2길 26, 2011.06.24,피스톤 클러치,,
,052.240.8331,티엔씨글로벌(주),울산광역시 남구 용연로 295-109 (용연동), 2012.04.17,목재포장용기,,
,052.221.9871,(주)진아산업,울산광역시 울주군 웅촌면 물건너길 89-1, 2000.04.06,방진마스크,,
,052.978.3522,동우정공,"울산광역시 북구 산성로 40,  409호 (효문동)", 2004.06.17,차량소음기 연결프랜지 및 공작기계 부품,,
,052.292.9910,에이엔피 하이텍,울산광역시 북구 중산산업2길 39 (중산동), 2019.04.05,실러 펌프,,
,052.286.2058,(주)진흥기술,울산광역시 북구 농공단지4길 31 (달천동), 2017.08.14,"수배전반, 태양광발전장치, 발전기",,
,070.7722.8655,(주)유엔아이홀딩스,울산광역시 북구 농공단지4길 31 (달천동), 2015.02.10,지그,,
,052.264.4142,유창금속,울산광역시 울주군 삼남면 중평강변길 27, 2005.06.10,알루미늄 창호,,
,052.266.6517,(주)평화이엔지,울산광역시 울주군 청량읍 처용산업4길 61, 2016.02.25,"배전반, 전기판넬 등",,
,052.289.1355,오제이씨 주식회사 울산공장,"울산광역시 북구 책골길 59,  외 1필지 (연암동)", 1995.01.17,"일반관,드럼",,
,052.274.6625,(주)유피티,"울산광역시 남구 매암로 41 (매암동, 지이에이에스(주))", 2009.12.16,자동차용흡음제,,
,052.256.5432,(주)휴엔스,울산광역시 남구 두왕로48번길 9-25 (선암동), 2005.07.21,판넬,,
,052.298.0208,대명산업(주),울산광역시 북구 매곡산업4길 50 (매곡동), 2015.05.06,자동차 부품(그로브박스),,
,052.288.7107,디앤디계전,"울산광역시 북구 산성로 40, 1동 6층 617호 (효문동, 아파트형공장)", 2010.01.18,수배전반,,
,052.258.7686,디오출력센터,울산광역시 남구 신정로148번길 32 (신정동) (총 2 필지), 2014.02.12,옵셋인쇄물,,
,052.215.2124,현대자동차(주),"울산광역시 남구 장생포고래로 8 (매암동, 현대자동차(주))", 1995.06.14,자동차부품,,
,052.294.6600,중앙금속(주),"울산광역시 북구 농공단지5길 28 (달천동, 동연)", 2008.06.30,"볼트,너트",,
,052.258.2135,(주)태흥전기방식,울산광역시 울주군 웅촌면 부채골길 41, 2017.01.24,"정류기,알루미늄 양극",,
,052.225.0105,계림가구,울산광역시 울주군 웅촌면 물건너길 25-6, 1990.11.30,"책상,걸상",,
,052.263.5981,(주)극동특수,울산광역시 울주군 상북면 길천산업로 105-10, 2012.09.28,자동차부품,,
,052.294.9080,동원테크놀러지(주),"울산광역시 북구 매곡산업3길 5 (매곡동, 동원테크놀리지(주))", 2005.05.16,"팬, 히터",,
,052.294.8661,정명산업(주),울산광역시 북구 모듈화산업로 14 (효문동), 2015.10.23,자동차부품,,
,052.262.5223,대건산업,울산광역시 울주군 상북면 양등농공길 41, 2013.12.31,연료및브레이크튜브,,
,052.261.8604,고연호이스트,"울산광역시 울주군 웅촌면 고연로 223, 외3필 (총 4 필지)", 2016.11.04,"크레인, 여과기제작",,
,052.288.3010,(주)신영,"울산광역시 북구 책골길 36 (효문동, 신영금속주식회사)", 2004.03.04,자동차 백판넬,,
,052.243.5665,(주) 해맞이,울산광역시 중구 백양로 21 (성안동), 2008.09.02,"우육, 돈육",,
,052.258.2771,태평양시스템(주),"울산광역시 울주군 언양읍 언양로 603,  에이동", 2009.06.19,전기배전반,,
,052.296.2080,한나테크,울산광역시 울주군 언양읍 곰재길 174, 2013.09.09,핀,,
,052.260.0725,두남전기,"울산광역시 남구 두왕로78번길 8 (선암동, (주)창성기업)", 2001.09.21,전기판넬,,
,052.239.9505,(주)명일,울산광역시 울주군 온양읍 덕망로 254, 2012.08.17,보온용 알루미늄판,,
,052.276.7660,현도기전,울산광역시 울주군 상북면 길천산업1길 42, 2014.10.02,"배전반, 자동전기제어반 등",,
,052.294.6192,(주)티에이치엔,"울산광역시 북구 매곡산업2길 13 (매곡동, 동해전장(주))", 2005.07.22,내연기관용 전기장치,,
,052.288.9897,대동계전(주),울산광역시 중구 함월20길 71 (성안동), 2012.11.09,전기판넬제작,,
,052.281.4114,한솔테크,"울산광역시 북구 효산1길 29 (효문동, 강원기계) (총 2 필지)", 2009.05.28,피스톤 스커트,,
,052.261.6091,재성산업,울산광역시 울주군 상북면 길천산업2길 24-3, 2011.11.07,선박엔진부품외,,
,052.287.5802,(주)세창기공,울산광역시 남구 용잠로40번길 56 (부곡동), 2007.10.10,선박엔진부품,,
,052.255.3578,성창보드(주),울산광역시 울주군 삼남면 강당로 35 (총 2 필지), 1992.12.04,파티클보드,,
,052.254.0950,한국티앤엠(주),울산광역시 울주군 삼남면 가천공단로 116, 2003.04.14,유연생산시스템(FMS),,
,052.912.5877,명진산업사,울산광역시 울주군 상북면 길천산업2길 36-13, 2012.08.17,산업용장갑코팅기계,,
,052.256.9557,(주)케이에이알,울산광역시 남구 삼산로392번길 17-1 (삼산동), 2014.05.14,파워트레인 재제조품,,
,052.253.1324,(주)유일케이블,울산광역시 울주군 상북면 길천산업2길 18, 2012.10.23,자동차용 캐이블,,
,052.258.2415,엠에이에스(주),울산광역시 울주군 온양읍 산양길 3, 2014.08.01,철구조물,,
,052.295.0305,범양기업,울산광역시 북구 가재길 139 (천곡동) (총 2 필지), 1995.11.04,도아트림 ASS'Y,,
,052.225.0329,(주)덱코,울산광역시 울주군 웅촌면 광청로 76 (총 3 필지), 2007.03.05,수치제어형금속절삭기계,,
,052.915.5551,주식회사 아이라이트,울산광역시 남구 돋질로171번길 27 (신정동), 2016.12.13,"LED모듈,LED조명,전자부품 및 전자제품",,
,052.257.8930,원화ENG,"울산광역시 북구 산성로 40 (효문동, 아파트형공장)", 2005.12.09,"공조기,항온항습기,냉동냉장설비",,
,052.238.9611,(주)진일테크,울산광역시 울주군 온산읍 산성길 152-22, 2010.03.24,여과집진기,,
,052.249.0880,주식회사 남북이앤시(E&amp;C),울산광역시 남구 두왕로34번길 34-14 (선암동), 2014.07.11,"전기회로 개폐, 접속장치",,
,052.289.9661,진평산업,"울산광역시 북구 효산1길 23 (효문동, 진평산업) (총 6 필지)", 2014.12.11,"자동차 브레이크, 클러치",,
,052.287.2939,정일ENG,"울산광역시 북구 농공단지3길 34 (달천동, (주)에스아이)", 2012.01.19,"배기관,금형,자동화설비",,
,052.288.4261,신승주식회사,"울산광역시 북구 효산2길 12 (효문동, 성진산업)", 2018.08.30,자동차 시트 원단,,
,052.263.7682,(주)남영산업,울산광역시 울주군 상북면 길천산업2길 18, 2012.10.23,자동차용 캐이블,,
,052.264.3080,상경산업,울산광역시 울주군 삼동면 삼동로 93-19, 1997.02.11,도루레,,
,052.238.7011,(주)케이클래드,울산광역시 울주군 청량읍 처용산업3길 21, 2015.10.05,CLAD PIPE,,
,052.255.0700,(주)디아이씨언양공장,울산광역시 울주군 상북면 양등농공길 69, 1993.02.23,"기어,전동축",,
,..,현대요트(주),울산광역시 울주군 온산읍 당월로 272-12, 2016.01.29,"요트, 보트 및 특수선박",,
,052.289.2710,현대정밀기기(주),"울산광역시 북구 산성로 40,  B103호 (효문동)", 1999.09.10,계량 및 계측기기,,
,052.285.0200,청우시스템(주),울산광역시 중구 동천3길 11 (서동), 2016.04.11,"자동화시스템,전기제어장치",,
,052.289.1072,신아고주파,울산광역시 울주군 언양읍 반천산업로 201, 2017.12.29,열처리 자동차부품,,
,052.293.9293,창신기공,"울산광역시 북구 매곡산업1길 8 (매곡동, 창신기공)", 2006.05.29,자동차용 지그,,
,052.239.7002,(주)티씨티 2공장,울산광역시 울주군 온산읍 회학1길 5 (총 3 필지), 2003.03.21,에나멜 동선,,
,052.289.6699,(주)성신파츠,울산광역시 북구 중산산업로 31-7 (중산동), 2009.10.12,감마하우징,,
,052.237.3935,(주)금경이노텍,울산광역시 울주군 온산읍 처용산업로 51-22, 2012.09.04,"철판, 파이프 밴딩",,
,052.260.7348,한국콘트롤,울산광역시 울주군 웅촌면 고연공단4길 6, 2002.04.19,자동제어시스템,,
,052.201.1221,(주)로하스테크,울산광역시 북구 매곡산업6길 17-1 (매곡동), 2016.04.11,호이스트 크레인,,
,052.262.6331,(주)디아이씨 가공공장,울산광역시 울주군 두서면 전읍농공길 27-1, 2007.05.25,농기계부품,,
,052.245.0761,갑부통신(주),"울산광역시 중구 북부순환도로 790, 2층 (남외동)", 2014.04.08,영상보정장치,,
,052.292.1941,금생 LASER TOP,"울산광역시 북구 매곡산업1길 30 (매곡동, (주)울산ENC)", 2012.07.17,기타자동차부품,,
,052.223.4314,(주)우양사,울산광역시 울주군 웅촌면 와지공단길 63-7 (총 2 필지), 2006.02.16,시트 레일,,
,052.239.7002,(주)티씨티3공장,울산광역시 울주군 온산읍 산남길 64, 2005.11.01,"발전기세트,절연금속선",,
,052.249.3751,(주)하나비젼,"울산광역시 중구 종가로 15, 기술혁신 A동 205호 (다운동, 울산테크노파크)", 2009.04.22,"조명기기, 산업기기",,
,051.523.6677,하나산업(주),울산광역시 울주군 두서면 서하구량길 196-17 (총 3 필지), 2005.03.11,어류 양식용 배합사료,,
,055.785.6985,퍼스트우드,울산광역시 울주군 삼남면 운곡5길 26-7, 2015.06.22,목재 파렛트,,
,052.225.2277,(주)오성테크,울산광역시 울주군 웅촌면 웅촌로 345, 2003.06.04,자동화장치,,
,052.276.8813,(주)유니언팩,울산광역시 남구 용잠로74번길 14, 2014.07.25,목상자,,
,052.912.7700,(주)신창중공업,울산광역시 울주군 상북면 길천산업2길 25, 2011.08.24,"액체펌프, 수중펌프",,
,052.258.3404,(주)동신하이텍,울산광역시 울주군 웅촌면 은현공단3길 16, 2007.03.09,"부잔교, 선박구성부분품, FRP제품, FRP수영장수조, 어류양식FRP수조 등",,
,052.225.0365,(주)한비,울산광역시 울주군 웅촌면 고연로 183-42 (총 2 필지), 2015.11.19,초저온 액화가스용기,,
,052.268.5730,성도철망산업,울산광역시 울주군 웅촌면 고연로 87, 2001.07.31,"철망,철선",,
,052.265.2044,(주)유니온랜드유코,울산광역시 울주군 삼동면 은현공단4길 18 (총 2 필지), 2011.04.28,어린이조합놀이기구,,
,052.289.5878,(주)명원,울산광역시 북구 공단길 82-7 (연암동), 2009.01.15,자동차부품(FRT B/COVER),,
,052.244.3941,삼진전기,울산광역시 중구 옹수골길 1 (교동), 1996.02.27,개폐기,,
,052.277.9691,무진환경기술,울산광역시 울주군 웅촌면 장기터2길 104, 2019.02.20,한경오염방지시설,,
,052.257.1550,(주)삼영지관제2공장,울산광역시 울주군 웅촌면 은현공단2길 18 (총 2 필지), 2017.12.29,지관,,
,052.264.0884,주식회사 넷에너지,울산광역시 울주군 삼남면 연봉길 16 (총 2 필지), 2010.03.11,"농업용보일러, 온풍기",,
,052.265.6674,문수산업개발(주),울산광역시 남구 두왕로34번길 9-3 (선암동), 2006.07.14,"로테이터머신,교반기,스크린바 등",,
,052.289.0949,세광엔지니어링,"울산광역시 북구 산성로 40,  303호 (효문동)", 1997.02.14,"초경드릴,리머,앤드밀",,
,052.276.6500,명성기업(주),"울산광역시 남구 장생포로19번길 11-31 (여천동, 명성기업(주))", 1998.08.04,재생공드럼,,
,052.227.8022,(주)태현이엔지,울산광역시 남구 신여천로 94 (여천동), 2015.07.29,기계부품,,
,052.286.9052,주식회사 씨제이프로텍,"울산광역시 북구 매곡산업2길 6 (매곡동, CJ프로텍)", 2006.05.29,차체바디부품,,
,052.257.9894,(주)글로벌티에스,울산광역시 울주군 웅촌면 당고개1길 42-8, 2008.10.01,에어 컴프레샤,,
,052.266.3450,(주)광진포장 제2공장,울산광역시 울주군 웅촌면 고연공단2길 123, 2000.05.18,골판지상자,,
,052.282.8001,효신기전,울산광역시 북구 농공단지4길 52 (달천동), 2006.03.15,전동기,,
,052.227.5627,(주)동영산업,울산광역시 울주군 웅촌면 은현공단3길 18, 2007.09.06,"소화전함, 안전보호구함, 산업용스틸케이스",,
,052.238.7771,(주)해도지에프앤비,울산광역시 울주군 서생면 해맞이로 1375-25 (총 7 필지), 2013.11.07,김치,,
,052.295.4048,세신엔지니어링,울산광역시 북구 농공단지5길 34 (달천동), 2016.06.07,산업용로봇제조,,
,052.716.7171,(주)오케이텍,울산광역시 울주군 온양읍 산양길 43, 2013.07.12,"철구조물,산업기계",,
,052.276.8038,(주)롤이엔지,울산광역시 울주군 청량읍 처용산업3길 128, 2015.11.30,롤 금형 및 부품,,
,052.259.4321,버슘머트리얼즈피엠코리아(유),울산광역시 남구 용연로98번길 46 (성암동), 2017.11.03,고순도 암모니아,,
,052.264.8951,(주)명신비료,울산광역시 울주군 삼동면 은현작동로 335-6 (총 4 필지), 1996.08.17,부산물비료,,
,052.256.5313,(주)휠코,울산광역시 울주군 언양읍 반천산업로 28, 2016.12.19,"산업용 필터&amp;시스템, 도장설비",,
,052.277.8400,기화산업,울산광역시 울주군 웅촌면 와지공단1길 9-10, 2003.02.18,자동차부품세척및도장,,
,052.272.8500,범창고무공업,"울산광역시 남구 산업로 400 (여천동, 신우선박) (총 3 필지)", 2009.06.16,고무제품,,
,052.272.7161,태원물산(주) 울산공장,"울산광역시 남구 납도로 141 (여천동, 태원물산(주))", 1995.08.30,"인산정제석고,석고플라스터",,
,052.276.5123,(주)신흥유업,울산광역시 남구 여천로 215-47 (여천동), 2001.05.16,정제연료유,,
,052.268.9877,대한플랜트,울산광역시 울주군 청량읍 화창9길 22, 2012.03.27,"철구조물,배관스풀",,
,052.258.4606,제이엠테크,울산광역시 울주군 청량읍 상개로 63-76, 2018.05.14,"철 구조물 제작 및 밴딩, 열처리",,
,052.272.7016,안국석유산업(주),"울산광역시 남구 장생포로 182 (여천동, 안국석유산업(주))", 1995.08.09,유화아스팔트,,
,052.282.9571,그린전기(주),"울산광역시 북구 농공단지5길 16 (달천동, 그린전기(주))", 2004.11.12,수.배전반,,
,052.256.7481,부영피앤씨,울산광역시 울주군 웅촌면 고연공단1길 35, 2005.12.13,도장업,,
,052.283.4296,주식회사 케이랩스,"울산광역시 남구 월평로 68, 2층 (신정동)", 2018.02.12,3D프린터,,
,052.283.0075,(주)럭스테크,울산광역시 울주군 청량읍 처용산업4길 41, 2015.08.31,전기판넬 외함,,
,052.264.1339,주영산업(주),울산광역시 울주군 삼남면 가천지내길 9, 1997.01.30,"불연성 세척제, 윤활조유",,
,052.287.4410,희성산전,"울산광역시 북구 산성로 40,  울산아파트형공장 522호 (효문동)", 2008.02.12,전기판넬,,
,052.262.1282,경남식품,울산광역시 울주군 언양읍 언양로 574, 2016.04.19,"배추김치,기타김치",,
,052.257.8322,(주)명진TSR,울산광역시 울주군 상북면 길천산업로 103-25, 2015.07.09,구조용강관 가공(Lining pipe),,
,052.255.3000,(주)성일아이엔티,울산광역시 울주군 두서면 옥동길 47 (총 3 필지) (총 3 필지), 2007.09.12,"PDP TV용 PBA,CPBA",,
,052.237.2232,제이엠모터스(주),울산광역시 울주군 삼동면 사촌신복로 111 (총 4 필지) (총 4 필지), 1996.04.24,"회전 용적형펌프, 이동형소방장비,소화전알림등",,
,052.288.4142,서진금속,"울산광역시 북구 송도길 19 (효문동, 경원세기)", 2006.11.02,식기건조기와 금속주방기구,,
,052.261.7374,해원산업,울산광역시 울주군 언양읍 반천산업로 203, 2017.01.04,지그류,,
,052.223.0358,(주)명진이엔지,"울산광역시 남구 번영로191번길 36-1 (신정동, 현풍건설(주))", 2014.07.03,금속열처리도금,,
,052.259.8314,(주)에스모,울산광역시 울주군 웅촌면 웅비공단길 91-1, 1997.11.14,차량용 전기배선(와이어하네스),,
,052.238.1271,(주)포트렉케미칼,울산광역시 울주군 온산읍 회학3길 22, 2007.08.01,"정제유,재생윤활유,재생유기용제",,
,052.238.9111,고도화학(주),울산광역시 울주군 온산읍 화산3길 34-4, 1996.09.03,"황산알루미늄(고체,액체)",,
,052.267.1894,부영기계,울산광역시 남구 산업로340번길 10-1 (선암동) (총 3 필지), 2007.11.29,산업기계제작,,
,052.225.5425,광일목재,울산광역시 울주군 상북면 찬물내기길 9, 2009.07.02,판재 및 각재,,
,052.249.2578,명품기업(주),"울산광역시 중구 종가로 15, 기술혁신 B동 503호 (다운동, 울산테크노파크)", 2010.06.23,엔진무선데이터 전송장치,,
,052.297.8235,정우정공사,"울산광역시 남구 신여천로 90, 여천동 750-27 (여천동)", 2015.03.26,철구조물,,
,052.263.5605,우성정공,울산광역시 울주군 삼남면 공암공단로 20, 2008.03.27,Gear Clutch 등,,
,052.237.5400,지에스에코메탈(주),울산광역시 울주군 온산읍 화산1길 75-34 (총 2 필지) (총 2 필지), 2006.10.20,"오산화바나듐,산화몰리브덴,페로바나듐,페로몰리브덴",,
,052.296.0883,(주)썬에이치에스티,"울산광역시 북구 산성로 40, 1동 9층 908-2 (효문동, 아파트형공장)", 2015.06.24,"전기판넬,자동화제어",,
,052.261.6841,석원기공(주),울산광역시 울주군 청량읍 처용산업4길 26, 2016.10.11,금속가공품,,
,052.282.4418,대의기계공업사,"울산광역시 북구 제내5길 78-5 (신천동, 대의기계)", 1994.03.22,"자동화장비, JIG",,
,052.716.2345,(주)보성,울산광역시 울주군 청량읍 처용산업4길 55, 2016.02.25,"발전기, 컴프레샤 등",,
,052.239.4885,(주)신한엠텍,울산광역시 울주군 온양읍 산양길 4, 2000.06.12,"콘베어,동력전달장치,산업기계부품",,
,052.293.9010,갈매기식품,울산광역시 중구 반구로 10 (반구동), 2004.01.14,맛김,,
,052.256.4466,대암산업(주),"울산광역시 남구 용연로98번길 16 (용연동, 대암파카산업사)", 1997.02.04,"파이프 도장,피막",,
,052.282.6712,덕산기업(주),울산광역시 북구 농공단지4길 23-8 (달천동), 2000.10.03,플로마 매트,,
,052.264.5861,동일 O.E.M,울산광역시 울주군 삼남면 공암공단1길 63-17, 2003.06.07,"COVER ASSY, L/C STAY, BRKT",,
,052.293.5005,덕성기계,울산광역시 북구 중산산업로 85 (중산동), 2010.04.15,엔진부품,,
,052.708.2033,에스엠아이,울산광역시 북구 농공단지4길 55 (달천동), 2018.01.24,자동차 시트커버,,
,052.292.5321,(주)스폭,울산광역시 울주군 상북면 능산길 64, 2015.10.06,"전자집적회로(시스템IC, 지능형센서IC)",,
,052.287.2261,(주)삼주기계,"울산광역시 북구 송도길 35 (효문동, 메티아(주))", 1996.06.07,"익스메니폴더,포크쉬프트,브라켓",,
,052.289.6547,(주)성웅인더스트리,울산광역시 북구 매곡산업3길 7 (매곡동), 2018.08.08,시트 커버,,
,052.254.1770,(주)대성사 상북공장,울산광역시 울주군 상북면 양등농공길 91, 1991.06.10,자동차부품,,
,052.287.5500,(주)청오플랜트,울산광역시 남구 용잠로40번길 12 (부곡동), 2017.03.13,"Piping, Steel Structure",,
,052.264.2950,상아전자(주),울산광역시 울주군 삼남면 강당1길 78 (총 5 필지), 2002.06.01,브라운관 전자총 부품,,
,052.264.3579,두전(주),울산광역시 울주군 삼동면 사촌신복로 367-21, 2003.11.10,"유기질비료,액상비료,톱밥,목재칩",,
,052.295.2282,대진기업,울산광역시 북구 무룡1로 58 (연암동), 2014.10.08,자동차 부품 열처리,,
,052.292.8874,호강기계,"울산광역시 북구 매곡산업1길 8, 호강기계 (매곡동, 창신기공)", 2017.03.14,커넥팅로드(절삭가공),,
,052.228.2011,한온시스템(주),울산광역시 남구 납도로 110 (여천동), 2001.09.14,F.E.M,,
,052.223.3978,(주)씨엘인더스트리,"울산광역시 울주군 범서읍 천상6길 12-9, (천상리 30B 4-7L)", 2014.12.10,"오일미스트 집진기(오일미스트 컬렉터),자동윤활급유장치",,
,052.288.2579,(주)코리아시스템,"울산광역시 북구 산성로 40,  709호 (효문동)", 2004.07.27,전력변환장치,,
,052.237.3605,영남요업,울산광역시 울주군 온양읍 외고산1길 14 (총 4 필지), 1996.12.04,옹기,,
,052.262.1486,베스트미디어,울산광역시 울주군 삼동면 삼동로 194, 2016.08.29,"LED전광판, 홍보차량용 LED디스플레이 등",,
,052.287.4824,인성기공(주),"울산광역시 북구 매곡산업로 83 (매곡동, 인성기공(주))", 2007.07.23,콘베어 자동화 장비,,
,052.281.6001,(주)성일메탈,"울산광역시 북구 매곡산업로 11 (매곡동, (주)성일메탈)", 2006.03.10,레이저가공기계부품,,
,052.263.0881,오트로닉,울산광역시 울주군 삼남면 강당로 3-2, 1994.05.24,자동차용 센서 및 전장품,,
,052.287.6901,신화이디테크(주),울산광역시 남구 여천로 196 (여천동), 2009.03.19,자동차부품 도장,,
,052.262.8521,(주)한림산업,울산광역시 울주군 두동면 박제상로 91-8, 2002.07.23,운전대 운전박스,,
,052.227.4825,울산건설기계,"울산광역시 북구 숙보로 17 (효문동, 춘산환경)", 2014.12.11,건설기계정비 등,,
,052.254.0789,(주)티피엠,울산광역시 울주군 상북면 길천산업로 103-3, 2009.04.20,버스 프레임,,
,052.265.6911,(주)맥스벨로,울산광역시 울주군 삼동면 은현공단4길 18 (총 2 필지), 2011.04.28,"어린이조합놀이기구,야외운동시설",,
,052.288.3680,(주)화진기업,울산광역시 북구 중산산업1길 18 (중산동), 2016.05.17,자동차 엔진부품(제네레더 연결부품 조립),,
,052.272.9245,현대엔지니어링,울산광역시 울주군 청량읍 처용산업4길 42-5, 2015.12.29,전기모터,,
,052.227.7893,금정테크,울산광역시 울주군 웅촌면 고연공단1길 39-5, 2016.02.26,"배전반,변압기,고압차단기 부품",,
,052.231.6480,(주)알란텀 온산공장,울산광역시 울주군 온산읍 공단로 318, 2010.05.12,자동차부품(매연저감장치),,
,052.287.5534,정해(주),"울산광역시 북구 산성로 89 (효문동, 정해(주))", 2011.03.09,차량용시트,,
,052.296.5006,(주)해림목,울산광역시 울주군 언양읍 구수길 81 (총 2 필지) (총 2 필지), 2009.10.22,"조경시설물,조형벤치",,
,052.288.4255,남성기계,"울산광역시 북구 산성로 40,  203호 (효문동)", 1997.08.29,GEAR CAR,,
,052.267.2500,동양창호(유),울산광역시 남구 화합로71번길 2 (야음동), 2003.03.04,골든샷시,,
,052.286.3333,(주)에스엠하이테크,울산광역시 울주군 웅촌면 웅촌로 585-36, 2015.09.11,SMD 마이크로 휴즈,,
,052.239.3105,태흥목재,울산광역시 울주군 온산읍 해맞이로 1844, 2000.12.06,판재및각재,,
,052.238.0912,(주)성한텍,울산광역시 울주군 온산읍 처용산업3길 30-37, 2015.12.11,"화공장치(열교환기, 베셀 등), 태양광해수담수화, 냉동기",,
,052.239.4744,(주)부승화학,울산광역시 울주군 온산읍 회학3길 28, 2002.10.18,"수산화나트륨,신나",,
,052.287.6228,세명계전(주),울산광역시 북구 명촌11길 21 (명촌동), 2008.02.04,자동전기판넬,,
,055.385.3939,혜성산업(주),울산광역시 울주군 웅촌면 곡천검단로 185, 2017.11.28,컨테이너,,
,052.282.4560,주식회사 수진,울산광역시 북구 매곡산업6길 48 (매곡동), 2015.11.11,에어챔버 등,,
,052.281.6603,위너산업,울산광역시 북구 호수2로 52 (호계동), 2015.11.18,자동차 백 카바,,
,052.275.1386,두산정밀(주),울산광역시 울주군 웅촌면 고연로 219-18, 2013.11.13,각종 산업기계,,
,052.264.2311,태영유화(주),울산광역시 울주군 삼남면 가천금사길 224-17, 1998.12.26,금속가공유,,
,052.265.0775,(주)부경비엔지,울산광역시 울주군 웅촌면 고연로 157, 2007.01.25,자동차용 머플러부분품,,
,052.295.6667,(주)오양,"울산광역시 북구 매곡로 51 (신천동, 우양(주))", 1991.10.28,TOWER CRANE,,
,052.288.6008,(주)성림기업,울산광역시 북구 효자로 134 (연암동), 2000.07.24,"임팩트패드,아이솔레이션패드",,
,052.281.7004,울산공예예술촌,울산광역시 울주군 두동면 박제상로 297, 2011.03.31,"목공예품, 전통도자기, 천연염색 등",,
,052.272.6325,덕화산업,"울산광역시 남구 장생포로19번길 37 (여천동, 덕화산업)", 1998.01.20,재생공드럼,,
,052.261.8303,(주)삼신에프에이,울산광역시 울주군 웅촌면 고연로 164, 2008.02.28,"철구조물,선박의장품,철재파레트 등",,
,052.277.8463,(주)엠제이산업,"울산광역시 중구 성안1길 169 (성안동, 엠제이빌딩)", 2014.05.19,자동차시트커버,,
,052.288.4767,삼종산업,"울산광역시 북구 효산1길 28 (효문동, 삼종산업)", 2007.01.25,카바링와이어,,
,052.716.0033,(주)하애 2공장,울산광역시 울주군 웅촌면 은현공단2길 29-8, 2014.03.11,"케이블트레이, 시트, 도장",,
,052.254.1141,(주)한국이엔씨,"울산광역시 울주군 두서면 전읍농공길 45, [울산두서농공단지]", 2015.03.30,"Stay-Bolt, Cylinder-Liner",,
,052.276.3914,(주)에너텍,울산광역시 남구 신여천로 99 (여천동) (총 4 필지), 2007.12.14,재생연료,,
,052.288.5111,(주)일신,울산광역시 북구 효암로 300-7 (연암동), 2009.07.24,"볼트,너트",,
,052.272.1717,(주)삼정출판인쇄,"울산광역시 남구 돋질로114번길 4 (달동, 삼정인쇄)", 2006.11.03,"출판,인쇄",,
,052.293.6964,영수기계,울산광역시 북구 염포로 248-10 (진장동), 2009.05.08,자동화 지그,,
,052.272.1237,대신어패럴,"울산광역시 남구 꽃대나리로 57,  2층 (달동)", 2009.03.25,"근무복, 작업복",,
,052.228.3600,인성산업(주),"울산광역시 남구 납도로 64 (여천동, 인성산업(주))", 1996.03.18,"금속포장용기,건설용 개질 아스팔트",,
,052.247.7155,(주)테라테크,울산광역시 울주군 온산읍 처용산업로 104, 2016.06.28,"SILENCER, Air cooler unit",,
,052.225.2361,대진유니톡(주),울산광역시 울주군 웅촌면 은현작동로 36-32, 2016.02.26,조립식 욕실(화장실) 유니트,,
,052.262.4802,(주)금강테크,울산광역시 울주군 상북면 길천산업로 425, 2014.08.01,차량용 플라스틱부품 ,,
,052.926.2300,세동산업,울산광역시 울주군 상북면 길천산업로 105-70, 2013.12.27,자동차 기계 필터,,
,052.256.5503,울산인쇄협동조합,울산광역시 남구 신정로116번길 3 (신정동), 2014.10.26,인쇄물,,
,052.255.5300,금강공업(주)언양공장,울산광역시 울주군 삼남면 반구대로 359 (총 6 필지), 1990.11.26,"강관, 가드레인",,
,052.261.2280,(주)에스엘티이,울산광역시 울주군 언양읍 반천산업로 108-31, 2016.08.12,금속구조물 등,,
,052.285.2200,(주)세일,"울산광역시 북구 매곡산업1길 20 (매곡동, (주)세일)", 2007.06.22,"자동화기계부품,조선기자재,자동차부품금형",,
,052.295.2282,(주)대성테크,울산광역시 북구 농공단지4길 30 (달천동) (총 2 필지), 2000.11.29,금속열처리,,
,052.264.4554,무지개식품,"울산광역시 울주군 삼남면 자수정로 31,  1,2호", 2005.02.01,"제재염, 간수",,
,052.286.5501,하이테크,울산광역시 북구 농공단지4길 20 (달천동), 2018.05.16,자동차검사구,,
,052.287.6901,신화이디테크(주) 2공장,"울산광역시 북구 효암로 354-6 (연암동, 신화도장(주))", 2002.12.16,자동차부품 도장,,
,052.710.4204,삼정이엔지(주),울산광역시 북구 송도길 76 (효문동), 2014.06.03,자동차 부품(자동차 유리조립),,
,052.247.1471,(주)원우전자,"울산광역시 남구 남산로 356,  1층 (신정동)", 2009.11.25,방송앰프 외,,
,052.258.2668,고연상사,울산광역시 울주군 웅촌면 고연로 152-16 (총 2 필지), 1996.09.21,오크제제목 및 쪽마루,,
,052.283.3891,(주)송광,"울산광역시 북구 산성로 40, 1동 1층 118 (효문동, 아파트형공장), 119", 2017.01.09,드라이버외 전기전장품,,
,052.289.2248,(주)광선,울산광역시 북구 활밤로 11 (효문동), 2007.03.07,제어반,,
,052.289.5657,(주)유성테크,"울산광역시 북구 명촌7길 37 (명촌동, 유성테크)", 2007.05.29,로봇전기자동제어반,,
,052.292.3801,태산산업,울산광역시 북구 무룡로 42 (연암동), 2015.10.05,자동차 시트,,
,052.225.5090,세현P&amp;C,울산광역시 울주군 웅촌면 와지공단1길 22, 2014.04.29,각종 철제품 도장,,
,052.239.9450,(주)삼화유업,울산광역시 울주군 온산읍 화산로 182, 2007.06.11,윤활유,,
,052.208.3817,유베이스매뉴팩처링아시아(주),"울산광역시 남구 신여천로 14-101 (여천동, SK에너지(주))", 2012.06.19,윤활기유,,
,052.912.2500,(주)에이치이티,울산광역시 울주군 상북면 길천산업2길 35, 2012.09.28,"자동제어반, 가스켓",,
,052.210.8200,피피지에스에스씨(주),"울산광역시 남구 여천로217번길 19 (여천동, 삼성정밀화학(주))", 2004.05.31,산업용 도료,,
,052.282.6100,광덕레이저,울산광역시 북구 농공단지4길 46 (달천동), 2001.12.18,금속가공,,
,052.258.5696,남성종합모델(주),울산광역시 울주군 웅촌면 반계길 4-18, 1995.10.30,자동차부품 검사 모형,,
,052.239.4671,영진정밀기공(주),울산광역시 울주군 온산읍 종동길 115 (총 2 필지), 2016.01.07,제조업용 로봇(공정용),,
,052.287.0583,에이원테크,"울산광역시 북구 산성로 40,  울산아파트형공장 406호 (효문동)", 2011.05.27,자동화용케이블ASS'Y,,
,052.222.2810,(주)한국에프에이,울산광역시 울주군 웅촌면 와지공단길 28, 2008.04.17,산업용 로봇,,
,052.254.0684,(주)희성테크,울산광역시 울주군 두서면 찻골로 214, 1999.07.14,자동차연료TUBE,,
,052.265.5528,구암정밀,울산광역시 울주군 웅촌면 은현작동로 206, 2007.06.25,자동차부품(A/T BOSS),,
,052.254.3591,서울산업 ,울산광역시 울주군 상북면 양등농공길 41, 2014.06.13,연료 및 브레이크튜브,,
,052.283.4271,지성솔루션(주),울산광역시 북구 매곡산업6길 17-1 (매곡동), 2018.05.08,산업용 로봇,,
,052.263.1641,(주)더원테크,울산광역시 울주군 삼동면 사촌신복로 112, 2003.07.10,조선기자재,,
,052.263.8885,(주)세림,울산광역시 울주군 삼남면 공암공단로 19 (총 2 필지) (총 2 필지), 1997.01.15,도료,,
,052.267.1515,KPX글로벌(주),울산광역시 남구 납도로 156 (매암동), 2014.12.22,"황산,인산제조",,
,052.701.5000,삼진정공(주),"울산광역시 북구 무룡1로 74 (연암동, 삼진정공(울산공장))", 1996.05.07,너트류,,
,052.256.7901,(주)양수금속,울산광역시 울주군 온산읍 처용산업1길 76-6, 2011.06.17,금속판 제품 및 금속공작물 ,,
,052.258.9131,(주)기현시스템,"울산광역시 북구 산성로 40, 1동 1층 114호 (효문동, 아파트형공장)", 2010.11.05,자동화판넬,,
,052.285.1656,영진산업,"울산광역시 북구 매곡산업로 67 (매곡동, 영진산업)", 2006.12.14,"선박 콘트롤 박스, 배전반",,
,052.254.5177,덕성종합목재,울산광역시 울주군 두서면 전읍복안로 207, 2012.10.17,"파？트, 목재 포장용상자",,
,052.254.5621,효성전기(주),울산광역시 울주군 삼남면 가천금사길 208-15, 2001.12.18,소형전동기,,
,052.281.1184,(주)티엠에스,"울산광역시 북구 대안1길 201 (대안동, (주)엠비캠)", 2010.01.14,"브라켓,프랜지",,
,052.201.8339,현대계전산업(주),울산광역시 울주군 삼동면 삼동로 1352 (총 9 필지), 2003.07.28,"전기배전반, 전기차단기",,
,052.237.2171,길성,울산광역시 울주군 온산읍 화산1길 25, 1996.08.08,"닥트,금속탱크,송풍기",,
,052.238.7440,보은산업,울산광역시 울주군 서생면 양암1길 37-22, 2008.02.21,배전기 부분품,,
,052.286.8281,(주)진웅이앤지,울산광역시 북구 매곡산업3길 17 (매곡동), 2019.02.18,건설기계 조항장치,,
,052.288.4634,(주)세림정공,"울산광역시 북구 매곡산업로 35,  자동차부품혁신센터 협업혁신관 (매곡동)", 2009.07.15,자동화장비,,
,052.288.6208,(주)극동자동화,"울산광역시 북구 숙보로 27 (효문동, 극동자동화(주))", 1995.07.26,"산업용기계,자동화설비,CCTV,펜틸트,음향설비",,
,052.254.8901,(주)삼오,울산광역시 울주군 상북면 길천산업로 103-26 (총 2 필지) (총 2 필지), 2010.05.17,"버스용 범퍼, 러기지도어, 자동차용부품",,
,052.292.6066,하남중공업(주),"울산광역시 북구 매곡산업1길 25 (매곡동, 하남중공업(주))", 2007.11.07,선박 엔진블럭,,
,052.258.4411,(주)수국정공,울산광역시 울주군 웅촌면 광청로 82, 2013.05.27, 철구조물,,
,052.288.0041,(주)대원에스앤피,울산광역시 북구 효암로 84-13 (명촌동), 1996.07.04,콘테이너부품,,
,052.255.8800,(주)태봉산업,울산광역시 울주군 상북면 길천산업로 145 (총 2 필지), 2009.12.14,자동차부품 내장제,,
,052.254.7557,부영산업,울산광역시 울주군 상북면 길천산업로 389, 2017.09.01,자동차 도어 플랭킹성형품 등,,
,052.274.6639,원일기계,울산광역시 남구 장생포로19번길 21-23 (여천동), 2014.11.27,"펌프,압축기",,
,052.222.8088,(주)대한스텐레스 웅촌공장,"울산광역시 울주군 웅촌면 웅비공단길 105,  (대대리 885-1번지 외 3필지(884, 885-3, 885-4))", 2006.06.23,"자동차부품(소음기부분품), 스틸그레이팅, 맨홀뚜껑, 가로수보호대",,
,054.455.8884,(주)한국티엔비,울산광역시 울주군 웅촌면 웅촌로 281, 2007.08.20,무체인드라이버,,
,052.257.4670,(주)태웅코리아,울산광역시 울주군 웅촌면 상대길 29, 2002.07.25,가스렌지,,
,052.289.2337,우진산업전자,"울산광역시 북구 산성로 40,  707호 (효문동)", 1997.08.29,전자기기,,
,055.283.1206,효성금속주식회사,울산광역시 울주군 온산읍 화산로 137-6, 2013.11.27,"크랭크샤프트 부분품, 드라이브샤프트 부분품",,
,052.288.1598,(주)동남산기,울산광역시 북구 염포로 260-23 (효문동), 2015.08.05,"자동화시스템, 자동차부품",,
,052.238.5885,케이오씨(주),"울산광역시 울주군 온산읍 이진로 67-34, (총 3 필지)", 1995.08.01,"하이드라진,하이드레이트",,
,052.227.8230,경은기전,울산광역시 남구 화합로71번길 11-20 (야음동), 2010.11.29,전기판넬,,
,052.264.2210,거영산업,울산광역시 울주군 웅촌면 고연로 183-20, 2003.07.01,자동차부품,,
,052.287.4203,(주)청림엔지니어링,울산광역시 북구 중산산업2길 36 (중산동), 2015.04.27,자동화설비,,
,052.296.6055,월드시스템,울산광역시 북구 농공단지5길 23 (달천동), 2018.06.26,"자동화 전기 판넬, 컨베어시스템",,
,052.922.7226,(주)솔레코텍,울산광역시 울주군 웅촌면 고연공단3길 7, 2006.07.28,금속가공제품(PLATE),,
,052.238.9400,케이디케미칼(주),울산광역시 울주군 온산읍 회학3길 56-5, 2013.09.06,"PAC, 요소수",,
,052.287.5530,(주)시스코피엔시,울산광역시 울주군 언양읍 반천산업로 97, 2015.07.22,"전동기,발전기 전기변환장치/배전반, 부스덕트(BUS DUCT)",,
,052.263.0511,(주)파텍스,"울산광역시 북구 매곡산업1길 6 (매곡동, 휘문기연)", 2012.10.22,자동화기기외,,
,052.298.4541,대영기공,"울산광역시 북구 농공단지3길 45 (달천동, 대명기공)", 2000.02.03,"압력용기 저장탱크, 기계기구, 제관",,
,052.225.0780,(주)고려인슈,울산광역시 울주군 웅촌면 고연로 98-10 (총 2 필지), 2008.12.05,보온단열재,,
,052.238.5600,신양철강,울산광역시 울주군 온산읍 회학2길 34, 2014.04.04,"파이프, 씨형광",,
,052.227.7670,서림목재산업,울산광역시 울주군 웅촌면 반계길 80, 2008.11.26,판재 및 각재,,
,052.222.0588,(주)영남티엠에스,"울산광역시 북구 산성로 40, 1동 7층 713 (효문동, 아파트형공장)", 2015.11.09,자동제어반,,
,052.292.0951,(주)우창이엔씨,울산광역시 북구 중산산업2길 42 (중산동), 2016.10.21,"산업용 냉동기, 냉각탑, 에어드라이어",,
,052.269.3427,우진테크,울산광역시 울주군 웅촌면 고연공단1길 44, 2007.06.05,도장,,
,052.264.6703,신화테크,울산광역시 울주군 삼동면 암리길 38, 2005.05.24,플라스틱성형,,
,052.249.0880,주식회사 남북이앤시(E&amp;C),울산광역시 남구 두왕로34번길 34-14 (선암동), 2014.07.11,"전기회로 개폐, 접속장치",,
,052.289.9661,진평산업,"울산광역시 북구 효산1길 23 (효문동, 진평산업) (총 6 필지)", 2014.12.11,"자동차 브레이크, 클러치",,
,052.262.8958,디에스엠텍(주),"울산광역시 남구 산안로 12 (여천동, 지씨테크)", 2012.01.18,동력전달장치,,
,052.285.0071,(주)오토피아,"울산광역시 북구 매곡산업1길 28 (매곡동, (주)오토피아)", 2008.03.28,Arm Rest(팔걸이),,
,052.283.8713,엔브이에이치오버헤드시스템(주),"울산광역시 북구 모듈화산업로 207-14 (연암동, (주)중앙공업)", 2010.08.23,"도아트림, 헤드라이닝",,
,052.231.7300,(주)지에스엔텍,울산광역시 울주군 온산읍 화산1길 13-28, 1997.08.27,"열교환기,베셀,타워,산업용기",,
,052.958.8281,한국후지필터(주),울산광역시 남구 용연로195번길 29 (용연동), 2006.12.07,공업용필터,,
,052.287.1553,(주)국제이앤아이,울산광역시 북구 관문길 197 (천곡동), 2009.02.20,"수,배전반,전기판넬",,
,052.269.4630,(주)화성피피아이,울산광역시 남구 용잠로74번길 24 (부곡동), 2007.01.08,"실린더로드,크롬도금",,
,052.287.8561,원엔지니어링(주),"울산광역시 북구 산성로 40,  506호 (효문동) (총 2 필지)", 2007.12.21,전계장PNL,,
,052.900.9888,와이드윙스(WIDEWINGS),울산광역시 남구 월평로 133 (신정동), 2008.07.11,"LED조명, LED전광판 및 조명용 제어기",,
,052.255.9999,태림포장공업(주),울산광역시 울주군 두서면 활천산업1길 127, 2016.04.01,골판지 및 골판지 상자,,
,052.254.5301,(주)안풍산업,울산광역시 울주군 삼남면 마산보들길 96, 2002.08.20,사이드범퍼,,
,052.222.8650,신흥정공(주),울산광역시 울주군 웅촌면 웅촌로 642-1, 2006.12.05,선박용엔진,,
,052.707.1001,(주)세원기계,"울산광역시 울주군 청량읍 처용산업로 147, (주)세원기계", 2015.01.30,"산업용 양수기, 탬핑머신 ",,
,052.296.3772,(주)제국전기,"울산광역시 북구 원연암2길 39 (연암동, 효덕산업) (총 6 필지) (총 6 필지)", 2012.12.10,전기판넬,,
,052.287.8604,그린엔지니어링,"울산광역시 북구 산성로 40,  706호 (효문동)", 1996.11.11,공작기계부품,,
,052.239.4890,(주)동원기공,울산광역시 울주군 온산읍 종동길 81 (총 3 필지), 2008.01.29,"철구조물,산업플랜트설비",,
,052.266.9093,주식회사 글로시스닷컴,울산광역시 남구 정동로6번길 9-12 (삼산동), 2005.11.16,"방송용앰프, 방폭하우징",,
,052.289.2320,신영전기,"울산광역시 북구 산성로 40,  203호 (효문동)", 1998.03.13,전기제어반,,
,052.269.1897,한양정밀,울산광역시 남구 도산로 107 (달동), 2008.08.11,기계부품가공제작,,
,052.231.8105,오덱(주),울산광역시 울주군 온산읍 공단로 341, 1995.08.10,자동차배기가스 정화용촉매,,
,052.257.7420,일성수출포장(주),"울산광역시 남구 용연로50번길 3 (용연동, 일성수출포장(주))", 2001.11.05,골판지상자,,
,052.266.1059,HY테크,울산광역시 울주군 온산읍 명봉거남로 123, 2014.04.09,유압펌프,,
,052.260.9088,(주)동남GMT,울산광역시 울주군 웅촌면 고연공단5길 17-5, 2013.09.03,자동차 부품(자동차 펌퍼 보강재),,
,052.257.6890,오성피앤이(주),울산광역시 남구 신여천로 98 (여천동) (총 2 필지), 2004.10.15,"샤프트,주문부품",,
,052.254.1978,울산스틸(주),울산광역시 울주군 언양읍 반천산업로 80-57, 2017.04.21,파이프 및 금속공작물,,
,052.295.0788,한일금속,"울산광역시 북구 제내5길 100 (매곡동, 한일금속) (총 2 필지) (총 2 필지)", 1995.09.15,BUCT COVER,,
,052.260.7991,(주)하나에이텍,울산광역시 울주군 청량읍 상남2길 5-13, 2011.03.04,공해방지 측정기,,
,052.254.5100,(주)동신건업,울산광역시 울주군 상북면 향산다개로 159, 2013.11.22,"알루미늄, 금속, 플라스틱 창호",,
,052.287.8411,성심산업,"울산광역시 북구 산성로 40,  504호 (효문동)", 2004.07.27,인사이드핸들,,
,052.289.7991,주식회사 한국이앤티,울산광역시 울주군 청량읍 상남2길 32-6, 2016.09.09,"환경기기, 전기분전반, 판넬",,
,052.282.5277,부국정밀,울산광역시 북구 중산산업로 31-1 (중산동), 2009.10.16,롤러 가이드,,
,052.955.1991,(주)부창기술,울산광역시 울주군 웅촌면 웅촌로 610, 2007.04.04,"난간, 창호",,
,052.237.1331,(주)한국루브켐,울산광역시 울주군 온산읍 대정로 10-8, 2004.02.09,"절삭유,고무배합유,방청유",,
,052.292.4966,대창기계,울산광역시 북구 중산산업2길 62 (중산동) (총 2 필지), 2015.02.03,자동차 지그 ,,
,052.289.4035,(주)켐텍,울산광역시 울주군 두동면 두동로 1156, 2013.11.13,"오일쿨러, 고압쿨런트장치",,
,052.239.8026,하림산업,울산광역시 울주군 온양읍 용당내광로 361-5 (총 2 필지), 2015.05.04,판재 및 각재,,
,051.311.4393,(주)영전케이블,울산광역시 울주군 상북면 길천산업로 473-9, 2017.09.13,자동차용 케이블 등,,
,052.236.7126,(주)엘앤씨에프앤씨,울산광역시 북구 진장유통로 46-6 (진장동), 2017.01.18,한식도시락,,
,052.283.2915,(주)승광계전,"울산광역시 북구 산성로 40, 1동 8층 801 (효문동, 아파트형공장), 802", 2015.11.09,전기판넬 조립,,
,052.285.2115,대산모델,울산광역시 북구 괴정1길 24 (매곡동), 1996.12.17,"검사치구, 금속모형",,
,052.296.7741,원진산업기계,울산광역시 북구 농공단지5길 13 (달천동), 2014.10.14,지그,,
,052.245.8894,성림영농조합법인,울산광역시 중구 외솔큰길 439-84 (장현동) (총 2 필지), 1995.05.12,"유기질비료(퇴비), 지렁이사료",,
,052.282.1818,(주)경남실업,"울산광역시 북구 농공단지4길 23-2 (달천동, 경남실업)", 2000.11.21,목형 금형,,
,052.238.2451,대성자원개발(주)온산지점,울산광역시 울주군 온산읍 화산1길 75-11, 2013.11.25,"액상소석회, 수산화마그네슘(액상) 등",,
,052.282.7400,(주)대성지오텍,울산광역시 북구 농공단지3길 49 (달천동), 2001.11.03,더스트 카바,,
,052.269.4027,정우테크,"울산광역시 남구 장생포로19번길 42 (여천동, 정우테크)", 1996.10.25,"밸브,자동차부품 밸트",,
,052.268.5078,(주)정우테크,울산광역시 울주군 온산읍 처용산업1길 76-16, 2012.05.03,화학구조 및 선박 등 부품,,
,052.265.2044,(주)멜리오유니온랜드,울산광역시 울주군 삼동면 은현공단4길 18 (총 14 필지), 2003.07.28,"어린이놀이터제품,돌망태,체력단련용운동시설물",,
,..,(주)히즈,울산광역시 울주군 웅촌면 고연공단2길 124, 2012.11.27,도장된 자동차 부품,,
,052.239.6904,(주)지영사,울산광역시 울주군 온양읍 남창강변로 80-6, 1999.03.12,자동차가죽핸들,,
,052.298.6603,현진산업,울산광역시 북구 호계9길 45 (호계동), 2009.02.20,차량용시트,,
,052.255.0500,(주)디아이씨두동공장,울산광역시 울주군 두동면 봉계농공길 8, 1996.09.07,자동차부품(기어및전동축),,
,052.264.9770,(주)세명아이티씨,울산광역시 울주군 언양읍 반천산업로 97, 2015.11.10,"배전반, 판금속가공",,
,052.266.6951,대성산업,울산광역시 울주군 웅촌면 고연공단3길 9, 2013.09.09,클립(자동차 부품 일종) - 플라스틱,,
,052.227.8230,(주)경은기전,울산광역시 남구 산업로 641 (삼산동), 2018.02.21,전기판넬/공장자동화설비,,
,052.227.5599,태진미디어통신(주),울산광역시 남구 두왕로22번길 49 (선암동), 2010.03.24,"CCTV,amp,방송장비",,
,052.288.3922,장원산업,"울산광역시 북구 염포로 282 (효문동, 장원산업) (총 2 필지)", 2007.08.23,"선박,중장비,자동차부품",,
,052.294.8075,(주)광명테크,울산광역시 북구 호계5길 77 (호계동), 2011.03.07,"볼라드, 버스승강장, 금속구조물, 차선 분리대",,
,052.269.9997,(주)대도테크라,"울산광역시 울주군 상북면 길천산업3길 28-5,  울산광역시 울주군 상북면 거리 1167-5번지", 2013.01.30,"자동차산업도장설비, 세차기구조",,
,052.257.0057,한반도소금산업,"울산광역시 남구 용연로195번길 22 (용연동, 소금공장)", 2002.03.19,소금,,
,052.254.0688,삼화엔지니어링,울산광역시 울주군 삼남면 공암공단로 80, 1999.07.22,화물불속구,,
,052.710.5101,(주)우신특수포장 울주지점,울산광역시 울주군 두서면 전읍농공길 27, 2014.07.25,골판지상자 제조,,
,052.238.1453,삼영순화(주),울산광역시 울주군 온산읍 대정로 129, 2001.03.31,반도체용 초고순도 과산화수소,,
,052.254.8000,(주)대림에이텍,울산광역시 울주군 상북면 양등농공길 59, 2007.05.03,버스차체,,
,052.227.9905,대경엠씨(주),"울산광역시 울주군 청량읍 처용산업3길 135, 중공업동 1층 일부", 2017.07.06,"Tube sheet, Baffle, Header",,
,052.287.3927,천하계전,"울산광역시 북구 산성로 40,  울산아파트형공장 1 618 (효문동)", 2009.12.24,수배전반,,
,052.277.8533,창조기업,울산광역시 울주군 웅촌면 장기터2길 101, 2010.12.10,"샌드위치판넬, 창호",,
,052.274.6699,울산연합건설기계(주),울산광역시 남구 산업로340번길 16 (선암동), 2015.08.25,"기계장비, 건설기계 부품",,
,052.268.5289,명보산업,울산광역시 울주군 웅촌면 고연공단3길 29, 2008.09.10,가스켓,,
,052.257.9220,(주)동양테크,울산광역시 울주군 웅촌면 반계길 4-12, 2004.01.13,자동차샤시용pipe부품,,
,052.228.7505,(주)국일인토트 제2공장,울산광역시 울주군 웅촌면 고연로 87-11, 2014.02.14,가스켓(파이프 연결 이음쇠),,
,052.292.1128,다원주방산업,울산광역시 중구 구교로 50 (학산동), 2002.09.24,주방세정대,,
,052.222.8031,백운조명,울산광역시 울주군 웅촌면 웅촌로 91 (총 2 필지), 2018.06.26,가정용LED조명 등,,
,052.246.9821,인터맥,울산광역시 중구 백양로 180 (성안동), 2012.01.12,"전기제어반,풍력용 조명",,
,052.295.7766,양지기업,울산광역시 북구 농공단지3길 31 (달천동), 1999.09.02,에폭시 판재,,
,052.912.5877,명진산업사,울산광역시 울주군 상북면 길천산업2길 36-13, 2012.08.17,산업용장갑코팅기계,,
,052.256.9557,(주)케이에이알,울산광역시 남구 삼산로392번길 17-1 (삼산동), 2014.05.14,파워트레인 재제조품,,
,052.253.1324,(주)유일케이블,울산광역시 울주군 상북면 길천산업2길 18, 2012.10.23,자동차용 캐이블,,
,052.258.2415,엠에이에스(주),울산광역시 울주군 온양읍 산양길 3, 2014.08.01,철구조물,,
,052.295.0305,범양기업,울산광역시 북구 가재길 139 (천곡동) (총 2 필지), 1995.11.04,도아트림 ASS'Y,,
,052.296.1549,희구정밀,울산광역시 북구 농공단지4길 51 (달천동), 2006.03.08,철판가공 반제품,,
,052.269.6003,(주)남부산업,"울산광역시 울주군 웅촌면 고연로 183-7, (고연리 357) (총 2 필지)", 2017.02.23,각종 금속제품,,
,052.225.3104,(주)에스아이인포콤,"울산광역시 울주군 서생면 천산로 293, 2층 201호", 2018.02.13,CCTV,,
,052.222.8421,해원산업(주),울산광역시 울주군 온산읍 처용산업로 51-5, 2012.09.20,"닥트, 소각로, 집진기, 콘베이어 등",,
,052.269.8585,아주엔지니어링,"울산광역시 북구 산성로 48-1 (효문동, 주식회사아이제이)", 1995.08.26,"자동제어반,배전반",,
,052.287.2595,(주)동양피앤지,"울산광역시 북구 산성로 48-2 (효문동, 광선)", 2005.10.13,가스킷,,
,052.227.3884,예성인쇄기획,울산광역시 남구 월평로 138 (신정동), 2006.06.27,인쇄물,,
,052.246.5151,(주)대원씨앤엠,울산광역시 울주군 범서읍 정지불길 166 (총 2 필지), 2005.11.04,부순모래,,
,052.265.9752,(주)레베산업 3공장,울산광역시 울주군 웅촌면 부채골길 17-1, 2016.01.07,여과기장치,,
,..,(주)동인메카텍,"울산광역시 북구 매곡산업로 35, 협업혁신관 B4 (매곡동)", 2015.08.12,자동차 엔진용 부품,,
,052.262.2765,동화모방(주),울산광역시 울주군 상북면 지화길 107, 1983.08.16,방모사,,
,052.239.9823,리뉴원(주),울산광역시 울주군 온산읍 대정로 10-12, 2016.12.02,환경기계용 소모성 부품,,
,052.283.5900,세진이노테크(주),"울산광역시 북구 모듈화산업로 108, 981외 1필지 (효문동)", 2013.01.28,"자동차용 방열기,엔진용인터쿨러,열교환기,러기지박스",,
,055.384.1310,영빈개발(주),울산광역시 울주군 삼남면 청룡들로 100-6 (영빈개발(주)), 2003.06.11,"판재,각재",,
,052.267.8408,원일공업,"울산광역시 남구 장생포로19번길 21-9 (여천동, 원일공업)", 2003.06.19,선박철의장,,
,052.977.0029,두리테크(주),울산광역시 울주군 상북면 길천산업로 323, 2018.02.09,차량 용접용 지그설비,,
,052.273.6413,(주)삼화기업,울산광역시 남구 중앙로75번길 30-13 (신정동), 2008.10.28,원터치 베이비 브러쉬,,
,052.272.6357,대화정밀화학(주),"울산광역시 남구 여천로 143 (여천동, 대화정밀화학(주))", 1995.08.10,질산소다,,
,052.222.8114,(주)주영이노텍,"울산광역시 중구 종가로 15, 기술혁신A동 209호 (다운동, 울산테크노파크)", 2017.09.08,"경관조명장치, 자동제어반",,
,052.258.0036,주식회사 엠오디텍,울산광역시 남구 산업로585번길 33 (여천동), 2011.12.05,배전반 및 자동제어반,,
,052.267.1894,부영기계,울산광역시 남구 산업로340번길 10-1 (선암동) (총 3 필지), 2007.11.29,산업기계제작,,
,052.225.5425,광일목재,울산광역시 울주군 상북면 찬물내기길 9, 2009.07.02,판재 및 각재,,
,052.249.2578,명품기업(주),"울산광역시 중구 종가로 15, 기술혁신 B동 503호 (다운동, 울산테크노파크)", 2010.06.23,엔진무선데이터 전송장치,,
,052.297.8235,정우정공사,"울산광역시 남구 신여천로 90, 여천동 750-27 (여천동)", 2015.03.26,철구조물,,
,052.263.5605,우성정공,울산광역시 울주군 삼남면 공암공단로 20, 2008.03.27,Gear Clutch 등,,
,052.237.5400,지에스에코메탈(주),울산광역시 울주군 온산읍 화산1길 75-34 (총 2 필지) (총 2 필지), 2006.10.20,"오산화바나듐,산화몰리브덴,페로바나듐,페로몰리브덴",,
,052.296.0883,(주)썬에이치에스티,"울산광역시 북구 산성로 40, 1동 9층 908-2 (효문동, 아파트형공장)", 2015.06.24,"전기판넬,자동화제어",,
,052.261.6841,석원기공(주),울산광역시 울주군 청량읍 처용산업4길 26, 2016.10.11,금속가공품,,
,052.282.4418,대의기계공업사,"울산광역시 북구 제내5길 78-5 (신천동, 대의기계)", 1994.03.22,"자동화장비, JIG",,
,052.716.2345,(주)보성,울산광역시 울주군 청량읍 처용산업4길 55, 2016.02.25,"발전기, 컴프레샤 등",,
,052.239.4885,(주)신한엠텍,울산광역시 울주군 온양읍 산양길 4, 2000.06.12,"콘베어,동력전달장치,산업기계부품",,
,052.293.9010,갈매기식품,울산광역시 중구 반구로 10 (반구동), 2004.01.14,맛김,,
,052.256.4466,대암산업(주),"울산광역시 남구 용연로98번길 16 (용연동, 대암파카산업사)", 1997.02.04,"파이프 도장,피막",,
,052.282.6712,덕산기업(주),울산광역시 북구 농공단지4길 23-8 (달천동), 2000.10.03,플로마 매트,,
,052.264.5861,동일 O.E.M,울산광역시 울주군 삼남면 공암공단1길 63-17, 2003.06.07,"COVER ASSY, L/C STAY, BRKT",,
,052.293.5005,덕성기계,울산광역시 북구 중산산업로 85 (중산동), 2010.04.15,엔진부품,,
,052.708.2033,에스엠아이,울산광역시 북구 농공단지4길 55 (달천동), 2018.01.24,자동차 시트커버,,
,052.292.5321,(주)스폭,울산광역시 울주군 상북면 능산길 64, 2015.10.06,"전자집적회로(시스템IC, 지능형센서IC)",,
,052.287.2261,(주)삼주기계,"울산광역시 북구 송도길 35 (효문동, 메티아(주))", 1996.06.07,"익스메니폴더,포크쉬프트,브라켓",,
,052.289.6547,(주)성웅인더스트리,울산광역시 북구 매곡산업3길 7 (매곡동), 2018.08.08,시트 커버,,
,055.375.7770,엔티씨(주),울산광역시 울주군 삼남면 운곡4길 18, 2015.10.27,"마이크로파 용해로,건조로,가열로",,
,052.237.3434,대한금속(주),울산광역시 울주군 온산읍 화산로 170, 2005.01.18,프랜지,,
,052.298.9997,대호기공,울산광역시 북구 이화산업1길 14 (중산동), 2017.07.03,"자동차부품(파렛트,데크)",,
,052.258.0461,(주)신대동전기,울산광역시 남구 신여천로35번길 46 (여천동), 1995.08.08,수.배전반,,
,052.239.5533,(주)아이엠아이,울산광역시 울주군 온산읍 처용산업3길 30-16, 2014.08.12,연료탱크 피니싱머신,,
,052.282.4048,세신공업,울산광역시 북구 농공단지3길 54 (달천동), 2003.11.13,산업용로봇기계부품,,
,052.239.4888,솔개수산(주),울산광역시 울주군 서생면 해맞이로 1097-57 (솔개), 2008.05.28,"건조다시마, 톳",,
,052.266.7722,(주)고려기업,울산광역시 북구 산성로 81 (효문동), 2011.09.06,전기판넬 외,,
,052.238.6285,대성엔지니어링,울산광역시 울주군 온양읍 광청로 394-26, 2007.06.07,화공 PLANT외,,
,052.294.1706,상화테크,울산광역시 울주군 언양읍 반천반송산업로 137-13, 2018.11.14,HI-ROOF,,
,052.260.7595,정남금속,울산광역시 울주군 웅촌면 갓골길 11-16, 2012.01.09,금속 열처리제품,,
,052.277.0775,(주)시그마에프에이,"울산광역시 중구 종가로 15, A동 203호 (다운동, 울산테크노파크)", 2010.04.26,검사 및 측정장비,,
,052.282.6931,정원산업,"울산광역시 북구 농공단지3길 21 (달천동, 정원산업)", 1994.05.28,자동차 차체 부품,,
,031.445.1010,(주)씨지티,"울산광역시 남구 돋질로 35, 대성오피스텔 1002호 (신정동)", 2017.06.13,정보통신장비,,
,052.239.1372,삼신물산 주식회사,울산광역시 울주군 온양읍 용당내광로 417, 2016.08.29,철구조물,,
,052.265.0888,(주)현빈목재산업,울산광역시 울주군 삼남면 신안2길 19, 2014.11.26,제재목,,
,052.268.3504,(주)해송이앤씨,"울산광역시 남구 신여천로 92 (여천동, 진연)", 2010.06.28,금속조립구조재,,
,052.287.0834,(주)태원,"울산광역시 북구 모듈화산업로 251 (연암동, (주)태원)", 2010.10.04,자동차 차체용 부품,,
,052.267.9400,국도정밀(주),울산광역시 울주군 청량읍 처용산업로 171, 2017.02.21,기타 특수목적용기계 등,,
,052.955.0404,신성아이시티(주),울산광역시 남구 두왕로48번길 9 (선암동), 2015.03.26,"paging,cctv camera,housing",,
,052.272.8043,한국케미테크,울산광역시 남구 납도로 218 (여천동), 2015.08.10,"페인트세척제,페인트박리제,페인트희석제",,
,..,(주)보생산업,울산광역시 울주군 웅촌면 고연공단1길 15, 2014.02.24,"흡음재, 재관조립품",,
,055.372.2504,유니램(주),울산광역시 울주군 삼남면 삼동로 23, 2003.03.25,"메탈할라이드램프, 평판디스플레이(LCD)장비 및 장비부품",,
,052.935.8200,M21,"울산광역시 북구 산성로 40,  813호 (효문동)", 2003.10.29,카메라 보조장치,,
,052.281.6265,(주)신우지엠티,"울산광역시 북구 매곡산업로 5 (매곡동, (주)대원산업)", 2017.11.14,선박용 부품,,
,052.716.5066,(주)인텍,"울산광역시 중구 종가로 15, 기술혁신 A동 407호 (다운동, 울산테크노파크)", 2017.02.08,불꽃감지기,,
,052.977.1800,엠티스,울산광역시 북구 농공단지3길 40 (달천동), 2014.12.11,콤프레셔,,
,052.264.4810,(주)충무발효,울산광역시 울주군 삼동면 삼동로 267-6, 1999.01.12,"종국, 효소류",,
,052.264.0259,(주)성보플랜트,울산광역시 울주군 온산읍 이진로 67-22, 2015.11.09,"설치용 금속저장 용기, 열교환기",,
,051.554.9300,SD하이테크(주)울산공장,울산광역시 울주군 언양읍 반구대로 1305-3, 2008.04.11,형광램프용 안정기등,,
,052.269.3335,(주)우진레이져,"울산광역시 남구 산업로 254 (선암동, 흥진자원(주)) (총 3 필지)", 2017.11.10,"구조금속제품, 금속압형제품",,
,052.263.6551,(주)푸드원,울산광역시 울주군 언양읍 옥동길 4-9 (총 2 필지), 2005.06.27,돼지고기 가공식품(감자탕),,
,052.282.7304,(주)동일,울산광역시 북구 중산산업2길 70 (중산동), 2016.10.13,모터프레임,,
,052.262.8669,태진M&amp;S,울산광역시 울주군 상북면 양등농공길 41, 2013.12.31,연료및브레이크튜브,,
,052.288.8315,대영T.C.F,"울산광역시 북구 산성로 40, 1동 8층 814, 815호 (효문동, 아파트형공장)", 2010.12.03,전기용접기,,
,052.257.4624,동운EMP(주),울산광역시 울주군 온산읍 대정로 10-18, 2006.07.26,"도장,각종피막처리,조선배관",,
,052.285.0883,삼광E&amp;I,울산광역시 울주군 언양읍 반천산업로 91, 2016.06.14,배전반 판넬 등,,
,052.254.4999,미성자동차정비(주),울산광역시 울주군 언양읍 반구대로 978, 2002.07.22,유압실린더등,,
,052.288.8033,태정인더스트리,울산광역시 울주군 언양읍 반천산업로 32-39, 2016.04.29,방식형 정류기 외,,
,052.257.6001,창준산업사,울산광역시 울주군 웅촌면 고연공단2길 31, 1998.02.18,"전기마그네트,전기변압기부품",,
,052.282.2338,(주)대명기전,울산광역시 북구 농공단지2길 32-2 (달천동), 2000.05.24,분체 도장,,
,052.297.2119,신우산업,"울산광역시 북구 매곡산업2길 3 (매곡동, 신우기업)", 2005.04.28,소음기용 자동화지그,,
,052.239.8130,아시아기전,울산광역시 울주군 온산읍 처용산업2길 48, 2012.11.26,전기식용접기,,
,052.240.3218,서진산업(주) 울산공장,"울산광역시 남구 장생포고래로 8 (매암동, 현대자동차(주))", 2015.06.15,자동차부품,,
,052.268.5656,지씨테크(주),"울산광역시 북구 효암로 96 (명촌동, (주)지씨테크) (총 10 필지)", 2010.06.17,기어 및 자동조정 장치,,
,052.293.6677,(주)태능푸드시스템,울산광역시 중구 성안2길 5 (성안동), 2008.02.04,도시락,,
,052.264.0545,대성자원개발(주) 언양지점,울산광역시 울주군 삼남면 강당로 3, 1994.12.27,액체소석회,,
,052.269.6775,(주)성진전력,울산광역시 남구 장생포로19번길 26 (여천동), 2017.02.10,전기판넬 및 제어장치,,
,052.264.4771,(주)니프코코리아울산공장,울산광역시 울주군 상북면 길천산업로 185, 2011.05.31,자동차부품용플라스틱사출품,,
,052.900.3919,(주)오에스테크,울산광역시 남구 산업로85번길 8-7 (상개동), 2013.12.24,전기판넬,,
,052.287.8040,태광테크(주),울산광역시 북구 중산산업로 31-8 (중산동), 2016.04.07,"자동화설비, 산업기계, JIG",,
,052.295.2768,(주)삼양특수강,울산광역시 북구 중산산업3길 56 (중산동), 2017.11.02,철판,,
,052.263.7002,고현산업2공장,울산광역시 울주군 두동면 이중배내길 12 (총 4 필지), 2012.12.27,"러그절단 전용기계, 지그 및 검사장비, 금속모형 및 재관품, 유니버셜조인트 등",,
,052.262.4848,가천정비,울산광역시 울주군 삼남면 반구대로 322-3, 2004.05.19,"유압실리더외, 건설기계장비",,
,052.280.1403,(주)케이씨씨,울산광역시 동구 방어진순환도로 30 (방어동), 1994.12.29,"도료,바닥재",,
,052.289.6699,(주)성신파츠,울산광역시 북구 중산산업로 31-4 (중산동), 2010.09.28,WATER TEMP CONTROL HOUSING ASS'Y,,
,052.256.6543,한길(주),"울산광역시 남구 용연로 189 (용연동, 한길(주))", 2003.03.18,"공드럼, PA,DOP",,
,052.267.8096,대원목재산업,울산광역시 울주군 청량읍 온산로 361, 2004.08.11,판재 및 각재,,
,052.989.5656,(주)지이씨,울산광역시 울주군 웅촌면 곡천검단로 271-27 (총 3 필지), 2014.06.26,자동공정 제어시스템,,
,052.700.6060,진흥공업(주),"울산광역시 북구 매곡산업1길 29 (매곡동, 진흥공업(주))", 2006.11.14,범프 등,,
,070.4048.0897,(주)경신하이텍,"울산광역시 울주군 상북면 길천산업로 105-18, (길천1238-4)", 2010.08.05,버스도어,,
,052.267.7585,(주)아이피에스라인,울산광역시 남구 용연로195번길 9 (용연동), 2015.10.26,"Wooden Box, Pallet",,
,052.272.8040,클릭코리아(주),"울산광역시 남구 돋질로 20,  5층 (신정동)", 2009.12.21,그림벽지,,
,052.211.4064,(주)명보엔지니어링,울산광역시 울주군 범서읍 새밭등길 55, 2013.12.17,금속울타리 등,,
,052.271.2311,(주)동강,"울산광역시 남구 장생포로19번길 21 (여천동, 동강(주))", 1995.05.13,"목재파렛트,재생칩,목초액",,
,052.268.7600,(주)조은,울산광역시 남구 여천로 215-73 (여천동), 2014.11.14,"유압기기,철구조물, 크레인",,
,052.228.2661,금산기계,울산광역시 북구 공단길 88 (연암동), 2007.11.16,산업기계부품,,
,052.256.9501,(주)울프,울산광역시 울주군 온산읍 처용산업로 129-19, 2013.10.10,금속탱크제조,,
,052.260.4043,(주)티이씨제2공장,울산광역시 울주군 청량읍 온산로 342-25, 2014.12.08,"금속탱크,저장용기",,
,055.275.0758,(주)삼성금속,"울산광역시 남구 화합로14번길 15 (여천동, 삼성정밀금속)", 1997.03.20,볼트,,
,052.262.9511,성우로텍(주),울산광역시 울주군 두서면 활천산업로 122, 2015.05.08,스틸파레트,,
,052.257.4081,(주)세원에스엔피,울산광역시 울주군 온산읍 처용산업2길 47, 2010.12.15,"앵글, 철제 교량구조물",,
,052.254.5686,(주)다코다글로벌,울산광역시 울주군 두서면 구량차리로 282-17, 2002.03.20,골프 샤프트,,
,052.239.8703,(주)켐.톱.코리아,울산광역시 울주군 온양읍 용당내광로 355, 2002.05.14,라이닝배관제,,
,052.266.4870,선일기계공업(주),울산광역시 울주군 웅촌면 와지공단1길 18-18, 2009.02.17,"OVERHEAD GUARD,DRUM INTERNALS",,
,052.238.4440,주식회사 에이치엠테크,울산광역시 울주군 온산읍 산남길 42, 2013.10.24,"플랜트제작, 금속가공품",,
,052.287.2843,서광산업(주),울산광역시 북구 모듈화산업로 252 (연암동), 2012.12.31,자동차 범퍼,,
,052.286.5981,SKY,"울산광역시 중구 종가로 15, 기술혁신 B동 404호 (다운동, 울산테크노파크)", 2010.11.30,자동차 자동화 설비 부품,,
,052.288.1170,류성밸브엔지니어링,"울산광역시 북구 산성로 40,  206호 (효문동)", 1997.08.29,"밸브,배관자재",,
,052.208.6558,월드이엔텍 주식회사,"울산광역시 남구 수암로 255, 101동 201호 (야음동, 지산오차드힐)", 2013.05.09,"PA,Paging,CCTV Camera,Housing,회전기외",,
,052.287.0403,동성공업(주),울산광역시 북구 효죽3길 6 (효문동), 1995.08.30,트럭적재함,,
,052.239.4343,(주)선경화성,울산광역시 울주군 온산읍 화산1길 18, 1995.04.24,"PVC안정제,농업용필름첨가제",,
,052.263.1574,대훈정밀,울산광역시 울주군 언양읍 반천산업로 113-9, 2017.06.09,drive gear 외 샤프트,,
,052.292.1043,(주)굿월드,울산광역시 울주군 웅촌면 고연로 115-5 (총 2 필지), 2016.05.27,프랜지,,
,052.221.0853,(주)에코인토트,울산광역시 울주군 웅촌면 고연로 87-11, 2015.12.23,가스켓(파이프연결 이음쇠),,
,052.288.1551,(주)진우공업,"울산광역시 북구 책골길 23-2 (연암동, 구유일산업)", 2008.01.25,"자동차범퍼, PLT",,
,052.227.9061,진원F&amp;F,"울산광역시 남구 장생포고래로155번길 7 (장생포동, 한성기업(주))", 2014.10.12,"고등어,오징어,동태,꽁치",,
,052.286.4211,(주)삼우하이텍,울산광역시 북구 중산산업로 73 (중산동), 2010.01.12,자동차용 글래스 몰딩,,
,052.238.7895,(주)봉기산업,울산광역시 울주군 서생면 용연길 64, 2006.07.26,생활도자기류,,
,052.913.6000,(주)티씨아이,울산광역시 울주군 상북면 길천산업3길 14-16, 2012.04.16,자동차부품,,
,052.283.4211,예광,"울산광역시 북구 진장유통로 16, 진장디플렉스 2088호 (진장동)", 2014.03.25,등기구,,
,052.256.3501,(주)유승테크,"울산광역시 남구 장생포로19번길 21-13 (여천동, 환경산업기계)", 2015.07.29,"부품제작, 기계수리(펌프)",,
,052.245.3399,(주)제이비,"울산광역시 울주군 온양읍 태화6길 26, 1층", 2018.03.20,유선통신장비 등,,
,052.249.0874,(주)지오테크,울산광역시 울주군 웅촌면 와지공단길 63-17, 2008.09.30,자동차부품,,
,052.255.0500,주식회사 디아이씨,울산광역시 울주군 두동면 봉계농공길 8 (총 5 필지), 2009.01.15,"미션기어, 샤프트",,
,052.268.5645,대광기업(주),"울산광역시 북구 산성로 40,  124호 (효문동)", 2004.12.07,Wire rope(건설장비용 변속기부품),,
,052.924.7421,(주)비전아이티,"울산광역시 북구 산성로 40, 1동 B1층 B115 (효문동, 아파트형공장)", 2016.10.10,구내방송장치 제조,,
,052.276.3594,우주기공사,울산광역시 북구 산성로 73 (효문동), 2012.10.30,산업 전동기 및 발전기 부품,,
,052.288.5052,(주)엠오브이시스템,"울산광역시 북구 산성로 40,  503호 (효문동) (총 2 필지)", 2004.08.02,자동제어반,,
,052.224.2571,(주)동언산업,울산광역시 울주군 웅촌면 와지공단1길 9-5, 2005.03.03,프라스틱사출성형품,,
,052.264.8290,(주)용전사,울산광역시 울주군 상북면 봉화로 258-39, 2001.05.16,"형광등 안정기, 방전램프용 안정기",,
,052.268.4534,청송사,울산광역시 울주군 웅촌면 고연공단4길 10-18, 2001.08.31,"가스켓,패킹, 링",,
,052.211.2308,주식회사 주경이엔지,울산광역시 울주군 웅촌면 고연공단2길 11 (총 4 필지), 2014.04.04,일반용 도료,,
,052.265.0292,태흥이엔지,"울산광역시 울주군 청량읍 상남길 6-52,  상남조합지구 17B 7L", 2012.12.03,전기콘트롤 판넬,,
,052.267.3894,케이이티(주),울산광역시 울주군 언양읍 어음길 21, 2011.03.08,"자동점멸기, 풍력발전기, 가로등기구",,
,052.287.8063,한국도장(주),울산광역시 북구 원연암2길 13 (연암동), 2000.07.22,자동차부품도장,,
,052.266.7406,진연공업,"울산광역시 남구 신여천로 92 (여천동, 진연)", 1997.03.26,기계부품,,
,052.700.3007,(주)일신에너지,울산광역시 북구 중산산업2길 66 (중산동), 2015.07.10,자동차배터리 케이스,,
,052.296.6705,일신프런티어 주식회사,울산광역시 북구 농공단지5길 11 (달천동), 2018.08.09,자동차 내장 흡음재,,
,052.221.2670,아이에스하이텍(주) 2공장,"울산광역시 울주군 삼남면 반구대로 163, (방기리 15-43번지)", 2014.12.04,자동차용 창고무(조인트-코너부 연결) 제작,,
,052.244.8000,유창통신(주),울산광역시 중구 명륜로 54 (우정동), 2009.08.28,"앰프, CCTV콘트롤러, 4분활기, 화재수신반",,
,052.912.0005,우수정기(주),울산광역시 울주군 상북면 길천산업3길 14-23, 2012.08.27,"브라켓트, 워터펌프, 오일쿨러바디 등",,
,052.287.8588,(주)럭스코,울산광역시 울주군 언양읍 갈전길 58 (총 2 필지), 2008.05.26,"전력변환장치 및 차단장치, 전기회로개폐보호 및 접속장치",,
,052.266.1509,주식회사 서원인더스트리,울산광역시 남구 장생포고래로125번길 14 (장생포동), 2018.01.30,"FRP, Teflon, 코팅제, 배관제",,
,052.254.2773,(주)명신기업,울산광역시 울주군 삼동면 보은로 248, 2010.07.20,"철판가공품,철구조물",,
,052.287.0153,(주)서울특수엔지니어링,"울산광역시 북구 산성로 48-10 (효문동, 서울특수엔지니어링)", 1998.07.23,"시험기,설비",,
,052.298.0741,주경테크,울산광역시 북구 모듈화산업로 81 (효문동), 2017.11.14,지그베이스,,
,052.267.8100,신흥산업,울산광역시 울주군 웅촌면 고연로 97-2, 2011.04.22,"금속탱크, 플라스틱물탱크, 잔교, 금속압형제품, 합성수지선, 철망 등",,
,052.239.7002,(주)티씨티 5공장,울산광역시 울주군 온산읍 이진로 67-20 (총 3 필지), 2007.07.31,"동빌렛, 동부스바",,
,052.262.4700,돈오정보통신,"울산광역시 울주군 언양읍 동부2길 47, 102동 201호", 2016.05.27,CCTV(돔 카메라),,
,..,디 와이 지 ,울산광역시 울주군 웅촌면 고연로 152-12, 2013.06.04,면장갑,,
,052.265.8998,원진테크(주),울산광역시 울주군 웅촌면 부채골길 24-30, 2014.03.03,"연료분사장치, 자동차 변속기 부품",,
,052.276.5551,(주)삼우,"울산광역시 남구 사평로 251 (선암동, 삼우화학공업(주))", 1995.05.13,"석고,정수약품,액반",,
,052.225.0660,(주)현미세상,울산광역시 울주군 웅촌면 물건너길 22-20 (총 2 필지), 2006.11.20,타공현미외,,
,052.238.6368,대성석유화학(주),울산광역시 울주군 온산읍 화산1길 62, 1995.05.02,"윤활유,그리스,부동액,브레이크액",,
,052.225.8311,진성산업,울산광역시 울주군 웅촌면 고연로 98-9, 2008.03.11,브라켓,,
,052.265.2679,세원산업,울산광역시 울주군 웅촌면 고연공단1길 47-16, 2010.03.18,자동주형기 및 운반용 바퀴 제작,,
,052.254.8125,(주)세한산업,울산광역시 울주군 언양읍 반천산업로 108-106, 2017.11.27,금속 문,,
,052.287.9100,영남하이텍,"울산광역시 북구 죽전로 10 (효문동, (주)한국메달)", 2014.07.14,머플러,,
,052.700.1020,(주)고리엔지니어링,울산광역시 울주군 웅촌면 은현작동로 242-7, 2018.12.14,"단열보온재(배관,밸브 기기류용)",,
,052.287.9651,(주)전예산기,울산광역시 남구 용연로50번길 161 (황성동), 2015.06.02,열처리,,
,052.262.8521,(주)한림알에스,울산광역시 울주군 삼남면 사촌신복로 484, 1999.03.02,자동차내장 carpet,,
,052.239.4826,(주)신영테크,울산광역시 울주군 온양읍 용당내광로 325 (총 2 필지), 2014.03.17,자동차핸들부품,,
,052.264.7600,부국산업(주),울산광역시 울주군 상북면 길천산업2길 24-19, 2012.04.16,"Brake, Fuel Tube ASS'Y",,
,052.265.4100,삼행산전(주),울산광역시 중구 함월2길 37 (성안동), 2001.08.17,원격제어시스템,,
,052.227.9341,주식회사 삼창엔지니어링,울산광역시 울주군 웅촌면 물건너길 93, 2009.10.08,금속 연결관,,
,052.270.5137,글로벌ENG,"울산광역시 남구 사평로 35 (상개동, 한주(주))", 2018.12.03,재제소금,,
,052.239.0062,세일정기주식회사,울산광역시 울주군 온산읍 원봉로 33, 2013.12.18,산업기계,,
,052.226.9800,영진(주),울산광역시 남구 신정로88번길 8 (달동), 2003.12.18,"선박수리제조업, 측온저항체 응답시간 측정장비",,
,052.262.8651,신일기업,울산광역시 울주군 두동면 두동로 1339, 1997.03.28,크레인철구조물,,
,052.263.7373,(주)남양케미칼,울산광역시 울주군 삼남면 반구대로 322-9, 2004.02.21,페인트용 희석제(신나),,
,052.288.4779,태성기계,"울산광역시 북구 산성로 40, 1동 3층 311 (효문동, 아파트형공장) (총 3 필지)", 1996.11.11,"로보트설치,감속기",,
,052.261.6611,동일산업(주),"울산광역시 남구 산안로 114 (여천동, 동일산업(주))", 2014.05.14,철구조물,,
,052.260.8042,(주)에스씨아이테크,울산광역시 울주군 웅촌면 장기터2길 90-3, 2012.02.27,"SILENCER,FENCE",,
,052.269.1885,주원목재,울산광역시 울주군 웅촌면 당고개1길 18, 2008.05.23,"문틀, 문, 랩핑몰딩",,
,052.271.2471,안성산업(주),울산광역시 울주군 웅촌면 대복길 30, 2016.04.29,"배전반, 전기자동제어반",,
,052.254.8071,(주)디에이치아이,"울산광역시 울주군 언양읍 고하길 89,  외 1필지", 2007.12.24,연료분사장치,,
,052.261.6379,제일강건,"울산광역시 남구 산안로 84 (여천동, 제일강건)", 1997.02.17,"금속절단,절곡",,
,055.382.2242,(주)삼협,울산광역시 울주군 두서면 전읍농공길 7, 2018.03.19,자동차 부품,,
,052.287.3322,(주)장안,울산광역시 북구 매곡산업6길 2 (매곡동), 2016.04.11,"프레스부품,로봇보고대",,
,052.282.2880,(주)티와이씨,"울산광역시 북구 매곡산업1길 11 (매곡동, (주)HSI)", 2016.07.01,공장자동화설비 및 지그제작,,
,052.265.3360,(주)부광산업,울산광역시 울주군 온산읍 처용산업로 107, 2014.02.03,"철판,철골,열교환기",,
,052.260.9200,(주)네오그린,"울산광역시 울주군 청량읍 처용산업3길 135, 경공업2동 4층", 2015.08.13,"산업용LED, 위치추적 시스템",,
,052.256.1018,(주)쓰리디허브시스템즈,"울산광역시 북구 산성로 40, 1동 1층 111 (효문동, 아파트형공장)", 2017.04.10,전광판,,
,052.264.9501,(주)대용,울산광역시 울주군 삼남면 장제길 1-2, 2004.12.09,"수배전반,MCC반,PLC반,자동제어반,전기변환장치,전기회로개폐",,
,052.268.4959,서원티엠에스(주),울산광역시 남구 삼산중로5번길 9 (달동), 2002.07.08,"가스분석측정시스템,제어모니터링시스템",,
,052.283.2301,대성시스템,"울산광역시 북구 산성로 40, 1동 9층 906 (효문동, 아파트형공장)", 2015.06.18,전계장 자동화(판넬),,
,052.263.5700,예진산업,울산광역시 울주군 삼남면 공암공단로 34, 2008.01.17,자동차용 고무호스관,,
,055.268.4089,현대비앤지스틸(주),울산광역시 남구 납도로 90 (여천동), 1997.07.01,자동차엔진부품,,
,052.244.7077,(주)리보너스,울산광역시 울주군 온산읍 처용산업1길 8, 2019.02.22,측정검사기,,
,052.716.3100,한융금속(주),울산광역시 울주군 온산읍 처용산업1길 11, 2012.10.23,알루미늄 합금 INGOT,,
,052.265.8550,(주)피엔디,"울산광역시 북구 명촌7길 15 (명촌동, 신축건물)", 2016.08.17,"교통신호 제어기, BIT, 산업용 컴퓨터",,
,052.263.7373,(주)남양케미칼,울산광역시 울주군 삼남면 반구대로 322-9, 2004.02.21,페인트용 희석제(신나),,
,052.288.4779,태성기계,"울산광역시 북구 산성로 40, 1동 3층 311 (효문동, 아파트형공장) (총 3 필지)", 1996.11.11,"로보트설치,감속기",,
,052.261.6611,동일산업(주),"울산광역시 남구 산안로 114 (여천동, 동일산업(주))", 2014.05.14,철구조물,,
,052.260.8042,(주)에스씨아이테크,울산광역시 울주군 웅촌면 장기터2길 90-3, 2012.02.27,"SILENCER,FENCE",,
,052.269.1885,주원목재,울산광역시 울주군 웅촌면 당고개1길 18, 2008.05.23,"문틀, 문, 랩핑몰딩",,
,052.271.2471,안성산업(주),울산광역시 울주군 웅촌면 대복길 30, 2016.04.29,"배전반, 전기자동제어반",,
,052.254.8071,(주)디에이치아이,"울산광역시 울주군 언양읍 고하길 89,  외 1필지", 2007.12.24,연료분사장치,,
,052.261.6379,제일강건,"울산광역시 남구 산안로 84 (여천동, 제일강건)", 1997.02.17,"금속절단,절곡",,
,055.382.2242,(주)삼협,울산광역시 울주군 두서면 전읍농공길 7, 2018.03.19,자동차 부품,,
,052.287.3322,(주)장안,울산광역시 북구 매곡산업6길 2 (매곡동), 2016.04.11,"프레스부품,로봇보고대",,
,052.282.2880,(주)티와이씨,"울산광역시 북구 매곡산업1길 11 (매곡동, (주)HSI)", 2016.07.01,공장자동화설비 및 지그제작,,
,052.265.3360,(주)부광산업,울산광역시 울주군 온산읍 처용산업로 107, 2014.02.03,"철판,철골,열교환기",,
,052.260.9200,(주)네오그린,"울산광역시 울주군 청량읍 처용산업3길 135, 경공업2동 4층", 2015.08.13,"산업용LED, 위치추적 시스템",,
,052.256.1018,(주)쓰리디허브시스템즈,"울산광역시 북구 산성로 40, 1동 1층 111 (효문동, 아파트형공장)", 2017.04.10,전광판,,
